"Bitola","Битола"
"Битола","Bitola"
"Skopje","Скопје"
"Скопје","Skopje"
"Avtomobili","Автомобили"
"avtomobili","автомобили"
"Автомобили","Avtomobili"
"автомобили","avtomobili"
"Dom i gradina","Дом и градина"
"Дом и градина","Dom i gradina"
"Nedviznini","Недвижнини"
"Недвижнини","Nedviznini"
"Zdravje i ubavina","Здравје и убавина"
"Здравје и убавина","Zdravje i ubavina"
"Pravo i finansii","Право и финансии"
"Право и финансии","Pravo i finansii"
"Hrana","Храна"
"Храна","Hrana"
"Obrazovanie","Oбразование"
"Oбразование","Obrazovanie"
"Zabava i umetnost","Забава и уметност"
"Забава и уметност","Zabava i umetnost"
"Profesionalni uslugi","Професионални услуги"
"Професионални услуги","Profesionalni uslugi"
"Rekreacija","Рекреација"
"Рекреација","Rekreacija"
"Maloprodazba","Малопродажба"
"Малопродажба","Maloprodazba"
"Patuvajna i smestuvajne","Патувања и сместување"
"Патувања и сместување","Patuvajna i smestuvajne"
